Rubro;Nombre;Costo;Pre.;%G1.;Pre2;%G2.;Cod.;Stock;Mod.
SORBETES;-657433,9626;200;500;150;224;12;2005;3;15/01/2024
PLATOS POTES CUBIERTOS;AGITADORES CAFE X 1000 UNID.;4170;9400;125,42;8900;113,43;1170;1;27/12/2023
PLATOS POTES CUBIERTOS;AGITADORES T.LARGO X100;2050;4500;119,51;4000;95,12;117;0;02/02/2024
FILM ALUMINIO FOLEX;ALUMINIO FAMILIAR X 5 MTS;558;2000;258,42;1500;168,82;1140;358;01/02/2024
FILM ALUMINIO FOLEX;ALUMINIO X 1KG;5345;12500;133,86;11500;115,15;1141;76;01/02/2024
BANDEJAS CARTÖN;36982;297;650;118,86;5500;85,19;1029;18;15/01/2024
BANDEJAS CARTÖN;37012;460;1000;117,39;9000;95,65;1030;9;15/01/2024
BANDEJAS CARTÖN;36951;213;450;111,27;4000;87,79;1031;24;15/01/2024
TERGOPOL;-469334,9626;75;200;166,67;15000;100;1056;300;18/01/2024
BANDEJAS TERGOPOL;-468603,9626;32;70;120;6000;87,5;1057;0;13/12/2023
BANDEJAS TERGOPOL;-468238,9626;51;115;125,49;63000;105,88;1058;820;27/12/2023
BANDEJAS TERGOPOL;-467873,9626;76;170;123,68;15000;97,37;1059;0;27/12/2023
BANDEJAS TERGOPOL;-465681,9626;105;250;138,1;23000;119,05;1060;1098;17/01/2024
BANDEJAS TERGOPOL;-464586,9626;154;400;159,74;70000;127,27;1061;1078;17/01/2024
BANDEJAS CARTÖN;BANDE CARTON BCA N 13;24;60;150;5000;108,33;1032;1237;02/02/2024
BANDEJAS CARTÖN;BANDE CARTON BCA N 15;40;90;125;4000;100;1033;40;02/02/2024
BANDEJAS ALUMINIO;BANDEJA ALUMINIO F100;115;260;126,09;23000;100;1001;397;02/02/2024
BANDEJAS ALUMINIO;BANDEJA ALUMINIO P 21;72;200;177,78;15000;108,33;1002;52;02/02/2024
BANDEJAS ALUMINIO;BANDEJA ALUMINIO P30;155;350;125,81;300;93,55;1003;184;02/02/2024
BANDEJAS CARTÖN;36923;9;20;120;1800;100;1034;12300;28/01/2024
BANDEJAS DPM;BANDEJAS 101 PP COTNYL;55;150;172,73;12000;118,18;1049;4402;15/01/2024
BANDEJAS DPM;BANDEJAS 102 COTNYL;52;110;111,54;10000;92,31;306;-1028;17/01/2024
BANDEJAS DPM;BANDEJAS 102 PP;35;80;128,57;7000;100;1050;1500;19/01/2024
BANDEJAS DPM;BANDEJAS 103 PP;53;110;107,55;10000;88,68;1051;17474;02/02/2024
BANDEJAS C/TAPAS MICRO;BANDEJAS 103 PP COTNYL;58;129;123,22;11600;100;1004;286;15/01/2024
BANDEJAS DPM;BANDEJAS 103 PP LIVIANA;30;66;120;6000;100;1005;0;09/11/2023
BANDEJAS DPM;BANDEJAS 105 PP;68;150;120,59;13000;91,18;1052;28327;02/02/2024
BANDEJAS ALUMINIO;BANDEJAS 105 PP LIVIANA;35;77;120;7000;100;1006;0;09/11/2023
BANDEJAS C/TAPAS MICRO;BANDEJAS 105 REC. PP COTNYL;104;234;125;20800;100;1026;341;15/01/2024
BANDEJAS DPM;BANDEJAS 107 PP;119;250;110,08;22000;84,87;1053;0;02/02/2024
FILM ALUMINIO FOLEX;BANDEJAS ALUMINIO F200;237;500;110,97;22500;89,87;2059;280;02/02/2024
BANDEJAS ALUMINIO;BANDEJAS ALUMINIO F50;75;160;113,33;7500;100;1054;466;17/01/2024
BANDEJAS ALUMINIO;BANDEJAS ALUMINIO P12;20;50;150;400;100;1055;167;02/02/2024
BANDEJAS ALUMINIO;BANDEJAS ALUMINIO P15;45;90;100;4125;83,33;1007;0;02/02/2024
BANDEJAS ALUMINIO;BANDEJAS ALUMINIO P28;108;250;131,48;10000;85,19;1008;2;02/02/2024
BANDEJAS CARTÖN;36892;7;15;120;1300;85,71;1035;8134;28/01/2024
BANDEJAS CARTÖN;36951;11;25;127,27;2000;81,82;1036;11700;28/01/2024
BANDEJAS CARTÖN;36982;14;30;114,29;2800;100;1037;0;15/01/2024
BANDEJAS CARTÖN;37012;16;35;120;180;87,5;1038;0;15/12/2023
BANDEJAS CARTÖN;37226;19;50;163,16;2000;110,53;1039;300;02/02/2024
BANDEJAS CARTÖN;BANDEJAS CARTON REDONDA N 14;36;80;122,22;3500;94,44;1040;300;02/02/2024
BANDEJAS ALUMINIO;-654877,9626;120;264;120;25200;110;312;195;17/01/2024
SORBETES;BENGALAS;200;440;120;400;100;1009;8;20/11/2023
BOLSAS BOBINA;BOB ARRANQ. 35X45X1,2KG;3350;7200;114,93;6700;100;1064;10;15/01/2024
BOLSAS BOBINA;BOB. ARRANQ. 20X30X1,2KG;3350;7200;114,93;6800;102,99;1065;93;15/01/2024
BOLSAS BOBINA;BOB. ARRANQ. 25X35 1,2KG;3350;7200;114,93;6800;102,99;1066;241;15/01/2024
BOLSAS BOBINA;BOB. ARRANQ. 30X40X1,2KG;3350;7200;114,93;6800;102,99;1067;16;15/01/2024
BOLSAS BOBINA;BOB. ARRANQ. 50X701,2KG;3350;7200;114,93;6800;102,99;1068;206;15/01/2024
BOLSAS BOBINA;BOB. ARRANQUE 60X90X1,2KG;3350;7200;114,93;6800;102,99;1069;0;26/12/2023
TOALLAS HIGIENICOS PAPEL INDUST;BOB. INDUSTRIAL KING PACK X 25cmX400mts Bca;7396;16400;121,74;29600;100,11;2012;142;30/01/2024
PAPELES;BOB. PAPEL GRIS X 60CM (12,500)KG;11000;23000;109,09;21100;91,82;1159;1;15/12/2023
BOLSAS BOBINA;BOB.ARRANQ 40X60X1,2 KG;3350;7200;114,93;6800;102,99;1070;41;26/12/2023
BOLSAS BOBINA;BOBINA 15X25X400GR;802;1750;118,2;1600;99,5;1071;25;15/01/2024
PAPELES;BOBINA DE PAPEL GRIS X 40 CM (8.500 KG) x 40cm;7480;16100;115,24;15100;101,87;1160;69;15/01/2024
PAPELES;BOBINA PAPEL GRIS X 20 CM X 3.500KG;3080;6500;111,04;6100;98,05;1161;8;15/12/2023
PAPELES;BOBINA X 40 CM PAPEL PANADERIA X (4.500)KG;11038;24000;117,43;22500;103,84;2057;3;02/02/2024
PAPELES;BOBINA X 60 CM PAPEL PANADERIA X (6.500) KG;15942;35000;119,55;31500;97,59;2061;8;02/02/2024
RESIDUOS CONSORCIOS;BOLSA DE HORNO X 10 UNID.;440;900;104,55;850;93,18;1190;15;20/11/2023
BOLSAS CAMISETAS;BOLSAS CAM 50X60 BCASX100;1738;3700;112,89;3200;84,12;1074;39;15/01/2024
BOLSAS CAMISETAS;BOLSAS CAM. 30X40 BCASX100;648;1400;116,05;1200;85,19;1075;1849;15/01/2024
BOLSAS CAMISETAS;BOLSAS CAM. 40X50 BCASX100;974;2100;115,61;1800;84,8;1078;2107;28/01/2024
BOLSAS CAMISETAS;BOLSAS CAM. 40X50 REF BCAS X100 F.AZUL;1044;2250;115,52;2150;105,94;1076;74;14/12/2023
BOLSAS CAMISETAS;BOLSAS CAM. 50X70 BCAS X100;2321;4900;111,12;4600;98,19;1077;106;15/01/2024
BOLSAS CAMISETAS;BOLSAS CAM. 60X80 BCASX100;4173;8850;112,08;8400;101,29;1080;8;14/12/2023
BOLSAS CAMISETAS;BOLSAS CAMISETAS 45X60 REF X 100;1685;3700;119,58;3600;113,65;1081;307;28/01/2024
BOLSAS CAMISETAS;BOLSAS CAMISETAS NEGRAS 40X50X100;300;660;120;570;90;1082;0;09/11/2023
RESIDUOS CONSORCIOS;BOLSAS CONS. 60X90 REF;60;150;150;1200;100;1191;3700;15/01/2024
RESIDUOS CONSORCIOS;BOLSAS CONS. 80X1,10 REF;93;250;168,82;2000;115,05;1192;6690;15/01/2024
RESIDUOS CONSORCIOS;BOLSAS CONS. 80X1,10 S.REF;130;300;130,77;2500;92,31;1193;150;19/01/2024
BOLSAS PP VARIAS;BOLSAS CUBIERTOS PP 5X25;250;700;180;600;140;1083;-1;20/11/2023
BOLSAS PAPEL CON MANIJA KP;BOLSAS DELIVERY 20X30 FM5;27;45;66,67;4185;55;1099;0;09/11/2023
BOLSAS PAPEL CON MANIJA KP;BOLSAS DELIVERY 26X37 FM9;40;70;75;6200;55;1100;0;09/11/2023
BOLSAS DILIVERY-INDIVIDUELES;BOLSAS DELIVERY 26X38 F10;46;80;73,91;7130;55;131;0;31/07/2023
BOLSAS BOBINA;BOLSAS EMBLOCADAS 15X25X100;332;700;110,84;600;80,72;1102;2;15/01/2024
BOLSAS BOBINA;BOLSAS EMBLOCADAS 20X30X100;378;800;111,64;700;85,19;1085;28;15/01/2024
BOLSAS BOBINA;BOLSAS EMBLOCADAS 25X35X100;535;1100;105,61;1000;86,92;1101;37;15/01/2024
BOLSAS CAMISETAS;BOLSAS EMBLOCADAS 30X40X100;732;1550;111,75;8400;91,26;1084;30;12/12/2023
BOLSAS CAMISETAS;BOLSAS EMBLOCADAS 35X45X100;943;1900;101,48;10800;90,88;1086;0;12/12/2023
BOLSAS CAMISETAS;BOLSAS EMBLOCADAS 40X60X100;1260;2700;114,29;2500;98,41;1087;27;15/01/2024
BOLSAS PAPEL CON MANIJA KP;36923;113;250;121,24;11500;103,54;1010;30;15/01/2024
BOLSAS PAPEL CON MANIJA KP;36951;130;286;120;13000;100;1011;2;15/01/2024
BANDEJAS ALUMINIO;37012;160;352;120;16000;100;1012;2;20/11/2023
BOLSAS PAPEL CON MANIJA KP;37073;100;160;60;7750;55;1103;0;09/11/2023
BOLSAS PAPEL CON MANIJA KP;BOLSAS PAPEL KP P/1VINO;120;240;100;11000;83,33;1104;200;15/01/2024
BOLSAS PAPEL CON MANIJA KP;BOLSAS PAPEL KP P/2VINOS;90;200;122,22;6975;55;1105;0;20/11/2023
BOLSAS PAPEL PANADERËA;BOLSAS PAPEL N 1 X100;500;1100;120;1000;100;1109;0;15/12/2023
BOLSAS PAPEL PANADERËA;BOLSAS PAPEL N 2 X100;732;1600;118,58;15000;104,92;1110;11;02/02/2024
BOLSAS PAPEL PANADERËA;BOLSAS PAPEL N 3 X 100;978;2200;124,95;1900;94,27;1111;59;02/02/2024
BOLSAS PAPEL PANADERËA;BOLSAS PAPEL N 4 X100;1173;2600;121,65;2300;96,08;1112;18;02/02/2024
BOLSAS PAPEL PANADERËA;BOLSAS PAPEL N 5 X100;1334;3000;124,89;2700;102,4;1113;6;02/02/2024
BOLSAS PAPEL PANADERËA;BOLSAS PAPEL N 6 X100;1572;3500;122,65;3200;103,56;1114;6;02/02/2024
BOLSAS PAPEL PANADERËA;BOLSAS PAPEL N 7 X100;2030;4500;121,67;4100;101,97;1115;0;02/02/2024
BOLSAS PAPEL PANADERËA;BOLSAS PAPEL N 8 X 100;2427;5400;122,5;50000;106,02;1116;19;02/02/2024
BOLSAS PP VARIAS;BOLSAS PP 10X15X100;596;1400;134,9;1200;101,34;1088;0;02/02/2024
BOLSAS PP VARIAS;BOLSAS PP 10X20X100;700;1600;128,57;1400;100;1089;2;02/02/2024
BOLSAS PP VARIAS;BOLSAS PP 12,5X24 (CD);1030;2200;113,59;1900;84,47;1090;2;02/02/2024
BOLSAS PP VARIAS;BOLSAS PP 12X24X100;1015;2300;126,6;2100;106,9;1091;1;02/02/2024
BOLSAS PP VARIAS;BOLSAS PP 15X20X100;1100;2600;136,36;2300;109,09;1092;0;02/02/2024
BOLSAS PP VARIAS;BOLSAS PP 15X24X100;1192;2700;126,51;2500;109,73;1093;0;02/02/2024
BOLSAS PP VARIAS;BOLSAS PP 15X35X100;1460;3200;119,18;2900;98,63;1094;2;02/02/2024
BOLSAS CAMISETAS;BOLSAS PP 16X24X100;1224;2900;136,93;2500;104,25;281;0;02/02/2024
BANDEJAS ALUMINIO;BOLSAS PP 20x30x100;1575;3500;122,22;3200;103,17;285;2;02/02/2024
BOLSAS CAMISETAS;BOLSAS PP 25X35X100;24;60;150;5000;108,33;283;120;02/02/2024
BOLSAS CAMISETAS;BOLSAS PP 30X40X100;29;70;141,38;60;106,9;301;121;02/02/2024
BOLSAS CAMISETAS;BOLSAS PP 40X50;25;70;180;60;140;303;1;17/01/2024
BOLSAS CAMISETAS;BOLSAS PP 40X60 X100;60;150;150;12000;100;294;143;02/02/2024
BOLSAS CAMISETAS;BOLSAS PP 6X10X100;387;900;132,56;800;106,72;276;2;02/02/2024
BOLSAS CAMISETAS;BOLSAS PP 6X15X100;520;1200;130,77;1000;92,31;298;3;02/02/2024
BOLSAS CAMISETAS;BOLSAS PP 8X10X100;442;1000;126,24;900;103,62;277;3;02/02/2024
BOLSAS CAMISETAS;BOLSAS PP 8X15X100;552;1200;117,39;1100;99,28;278;3;02/02/2024
BOLSAS PP VARIAS;BOLSAS PP 8X20X100;673;1500;122,88;1300;93,16;1072;1;02/02/2024
RESIDUOS CONSORCIOS;BOLSAS RESIDIOS  50X70 PATOJENAS  ROJAS;77;180;133,77;170;120,78;1194;0;17/01/2024
BOLSAS PP VARIAS;BOLSAS RI•ON BCA 20X30;98;250;155,1;10000;104,08;1095;2950;18/01/2024
BOLSAS PP VARIAS;BOLSAS RI•ON BCAS 15X20;75;160;113,33;150;99,5;1106;0;18/01/2024
BOLSAS CAMISETAS;BOLSAS RI•ON BCAS 25X35;113;250;121,24;11500;103,54;182;2500;18/01/2024
BOLSAS PP VARIAS;BOLSAS RI•ON BCAS 30X40;150;400;166,67;17500;133,33;1096;-49;18/01/2024
BOLSAS PP VARIAS;BOLSAS RI•ON BCAS 35X45;225;500;122,22;20000;77,78;1097;0;18/01/2024
BOLSAS CAMISETAS;BOLSITAS 4X25X100(JUGUITO);405;900;122,22;800;97,53;2058;92;17/01/2024
BOLSAS PP VARIAS;BOLSITAS AJI 10x20x100UNID( AJI);325;800;146,15;700;115,38;1098;1;02/02/2024
BANDEJAS CARTÖN;BUDINERAS DE PAPEL X 280gr;69;150;117,39;840;102,9;1041;170;13/12/2023
BANDEJAS CARTÖN;"CAJA  ""LOVE""";180;200;11,11;1210;12;1013;0;20/11/2023
CAJAS PIZZA - PORTA PANCHO - CONO;CAJA 1/2 METRO MICRO(25X55X5);234;600;156,41;22500;92,31;1125;498;02/02/2024
CAJAS PIZZA - PORTA PANCHO - CONO;CAJA 1/2 PIZZA ECO (33x17X4cm);43;100;132,56;9000;109,3;1126;1894;20/12/2023
CAJAS PIZZA - PORTA PANCHO - CONO;CAJA 1/2PIZZA MICRO;116;300;158,62;25000;115,52;1127;5100;02/02/2024
BANDEJAS CARTÖN;CAJA BOMBONES CHICA BLANCA;90;198;120;1080;100;1014;0;20/11/2023
CAJAS PIZZA - PORTA PANCHO - CONO;36895;295;700;137,29;600;103,39;2065;0;18/01/2024
BANDEJAS CARTÖN;CAJA BOMBONES GRANDE;160;352;120;1920;100;1015;0;20/11/2023
CAJAS PIZZA - PORTA PANCHO - CONO;36893;454;1000;120,26;900,01;98,24;2066;0;18/01/2024
CAJAS PIZZA - PORTA PANCHO - CONO;CAJA CON VISOR Y BASE MICRO 25X25X12;1895;3800;100,53;3500;84,7;2068;0;18/01/2024
CAJAS PIZZA - PORTA PANCHO - CONO;CAJA COOKIES 10X10X5 COLOR;235;500;112,77;450;91,49;2064;0;01/02/2024
CAJAS PIZZA - PORTA PANCHO - CONO;CAJA DESAYUNO C/VISOR CHICA;1896;4000;110,97;3800;100,42;2081;10;01/02/2024
BANDEJAS CARTÖN;CAJA EXPLOSIVA MARIO BROSS;550;1210;120;11000;100;1042;0;20/11/2023
BANDEJAS CARTÖN;CAJA EXPLOSIVA PEACH;550;1100;100;10000;81,82;309;3;20/11/2023
BANDEJAS CARTÖN;CAJA EXPLOSIVA TIK TOK;550;1210;120;11000;100;1043;4;20/11/2023
CAJAS PIZZA - PORTA PANCHO - CONO;CAJA HAMBURG ( 18x18x6);113;300;165,49;25000;121,24;1128;2515;02/02/2024
CAJAS PIZZA - PORTA PANCHO - CONO;CAJA LOMO CHICO ECO (22X16X6CM);38;80;110,53;14000;84,21;1129;23897;28/01/2024
CAJAS PIZZA - PORTA PANCHO - CONO;CAJA LOMO GRANDE ECO( 28X11X6 CM);70;150;114,29;14000;100;1130;9187;28/01/2024
CAJAS PIZZA - PORTA PANCHO - CONO;CAJA LOMO MICRO GRANDE;150;350;133,33;15000;100;1131;2200;15/01/2024
CAJAS PIZZA - PORTA PANCHO - CONO;CAJA NAVIDE•A;653;1306;100;7444;90;1132;-23;24/11/2023
CAJAS PIZZA - PORTA PANCHO - CONO;CAJA PIZZA CHICA MICRO;135;350;159,26;12500;85,19;1133;500;15/01/2024
CAJAS PIZZA - PORTA PANCHO - CONO;CAJA PIZZA ECO (33X33X4);69;150;117,39;14000;102,9;1134;4062;15/01/2024
CAJAS PIZZA - PORTA PANCHO - CONO;CAJA TAZA CORAZONES 12X12X12;405;900;122,22;800;97,53;2067;0;18/01/2024
TOALLAS HIGIENICOS PAPEL INDUST;CAJA TOALLA MANO INTER x2500 Bca.;11465;25000;118,05;23000;100,61;2013;4;30/01/2024
BANDEJAS ALUMINIO;CAJA TORT CHICA CON VISOR;240;1000;316,67;900;275;2080;0;18/01/2024
CAJAS PIZZA - PORTA PANCHO - CONO;CAJAS HAMBURG (15X15X6) CHIC.;30;48;60;2325;55;1135;0;09/11/2023
CAJAS PIZZA - PORTA PANCHO - CONO;CAJAS PIZZA MICRO (33X33X5);153;350;128,76;15000;96,08;1136;5879;02/02/2024
GUANTES;CINTA ANCHA X 100 MTS;1600;3600;125;33000;106,25;1154;58;02/02/2024
CINTAS DE EMBALAR;CINTA ANCHA X 50 MTS;899;2000;122,47;18000;100,22;1139;69;02/02/2024
CINTAS DE EMBALAR;CINTA PAPEL;350;770;120;4200;100;1018;0;09/11/2023
CAJAS PIZZA - PORTA PANCHO - CONO;CONO GRANDE CARTON x100;660;1350;104,55;1300;96,97;1137;11;20/11/2023
BANDEJAS CARTÖN;-657433,9626;400;880;120;80000;100;1044;10;15/01/2024
PLATOS POTES CUBIERTOS;CUCHARA SOPERA BCA REF;21;50;138,1;2250;114,29;1171;5700;15/01/2024
PLATOS POTES CUBIERTOS;CUCHARITAS SUNDAE BCA REF;10;30;200;1000;100;1172;9450;17/01/2024
PLATOS POTES CUBIERTOS;CUCHILLOS BCO REF;17;40;135,29;1750;105,88;1173;14039;15/01/2024
PLATOS POTES CUBIERTOS;CUCHILLOS X 50 UNID. REF;1050;2000;90,48;1800;71,43;2062;9;18/01/2024
PLATOS POTES CUBIERTOS;DIPS POTES 55 c.c C/TAPA NATURAL;70;200;185,71;15000;114,29;1174;3600;02/02/2024
TOALLAS HIGIENICOS PAPEL INDUST;DISPENSER DE PARED P/ 5KG;25808;55000;113,11;53000;105,36;2014;8;15/12/2023
TOALLAS HIGIENICOS PAPEL INDUST;DISPENSER JABON LIQUIDO TECLA AZUL;5205;10950;110,37;10000;92,12;2015;11;15/12/2023
TOALLAS HIGIENICOS PAPEL INDUST;DISPENSER P/ TOALLA INTERCALADAS;5388;11500;113,44;11000;104,16;2016;11;15/12/2023
TOALLAS HIGIENICOS PAPEL INDUST;DISPENSER P/PAPEL HIG. X 500 MTS;21126;45000;113,01;43000;103,54;2017;4;15/12/2023
TOALLAS HIGIENICOS PAPEL INDUST;DISPENSER P/TOALLA BOBINA BCO;8435;17800;111,03;17200;103,91;2018;27;15/12/2023
TOALLAS HIGIENICOS PAPEL INDUST;DISPENSER PAPEL HIG P/300MTS;9455;19900;110,47;19000;100,95;2019;29;15/12/2023
PLATOS POTES CUBIERTOS;ENSALADERA CRISTAL X 1.100 C.C C/TAPA;175;400;128,57;17500;100;1175;386;02/02/2024
PLATOS POTES CUBIERTOS;ESCARBADIENTES ENSOBRADOS X 500 UNID.;1150;2000;73,91;1783;55;1176;0;09/11/2023
PLATOS POTES CUBIERTOS;ESCARBADIENTES SUELTOS X 3500 UNID.;21560;47000;118;42000;94,81;1177;0;02/02/2024
GUANTES;ESCARBADIENTES X100U;65;300;361,54;1104;183,02;1019;0;20/11/2023
PLATOS POTES CUBIERTOS;-657433,9626;0;400;;0;12;1178;2;20/11/2023
FILM ALUMINIO FOLEX;FILM  FAMILIAR 30X30MTS;380;1200;215,79;1000;163,16;1142;63;01/02/2024
FILM ALUMINIO FOLEX;FILM 38X1000 MTS;10920;24000;119,78;22500;106,04;1143;52;01/02/2024
FILM ALUMINIO FOLEX;FILM 38X300 MTS;2290;5100;122,71;4800;109,61;1144;30;01/02/2024
FILM ALUMINIO FOLEX;FILM 38x400 Mts;6200;13000;109,68;125000;101,61;1145;12;01/02/2024
FILM ALUMINIO FOLEX;FILM 45X1000 MTS;16652;35000;110,18;32000;92,17;1146;0;15/12/2023
FILM ALUMINIO FOLEX;FILM STRICH X 10 CM (X 500 GR);1455;3500;140,55;30000;106,19;1147;93;03/02/2024
FILM ALUMINIO FOLEX;FILM STRICH X 50 CM S/MANGO (4.500KG);11546;24000;107,86;90000;94,87;1148;113;03/02/2024
FILM ALUMINIO FOLEX;FOLEX 20X25 ROLLO X 750gr.;2135;4700;120,14;4300;101,41;1149;-5;26/12/2023
FILM ALUMINIO FOLEX;FOLEX 20X25 X 1KG (PLANCHA);3377;7100;110,25;6600;95,44;1150;606;15/01/2024
FILM ALUMINIO FOLEX;FOLEX 25X35 X 1KG;1304;3000;130,06;2900;122,39;53;-1;20/11/2023
VASOS;FRAPERA;875;2000;128,57;7500;71,43;2032;3;09/11/2023
BOLSAS PP VARIAS;-657433,9626;300;700;133,33;600;100;1073;0;02/02/2024
GUANTES;GUANTES LATEX;7000;15500;121,43;14000;100;1155;50;27/12/2023
GUANTES;GUANTES MANOPLAS X100;308;800;159,74;700;127,27;65;64;15/01/2024
GUANTES;GUANTES NITRILO;10000;22000;120;18500;85;1157;47;15/01/2024
CAJAS PIZZA - PORTA PANCHO - CONO;HILO ALGODON X 300 GR.;882;2000;126,76;1600;81,41;1151;118;15/12/2023
CINTAS DE EMBALAR;HILO CHORIZERO 300GR;1400;3100;121,43;16800;100;2056;7;15/12/2023
PAPELES;KG. PERIODICO BLANCO;400;750;87,5;620;55;1162;0;09/11/2023
CAJAS PIZZA - PORTA PANCHO - CONO;"LOMO CHICO ""OFERTA"" GRIS";32;70;120;6500;103,13;1138;1000;14/12/2023
PAPELES;MANTELES INDIVIDUALESX200;2276;4900;115,29;4500;97,72;1107;14;15/12/2023
PAPELES;MOLDE PAN DULCE 1KG;71;160;125,35;7500;111,27;1117;215;15/01/2024
PAPELES;MOLDE PAN DULCE 500GR.;62;135;117,74;6500;109,68;1118;60;15/01/2024
PAPELES;MOLDES PAN DULCE 250GR.;54;120;122,22;5500;103,7;1119;92;15/01/2024
BANDEJAS TERGOPOL;-469334,9626;75;200;166,67;90000;100;1062;0;18/01/2024
BANDEJAS TERGOPOL;-468238,9626;51;115;125;5250;105,88;87;0;27/12/2023
BANDEJAS TERGOPOL;-467873,9626;21,5;47;120;25800;100;1063;0;09/11/2023
GUANTES;PALITOS BROCHETT;550;1250;127,27;11000;100;1156;11;15/01/2024
CINTAS DE EMBALAR;PALITOS HELADOS X 50UNID.;252;549,99;118,25;499,99;98,41;2060;18;16/12/2023
PAPELES;PAPEL GRIS X 1KG;880;1900;115,91;1700;93,18;1163;321;18/01/2024
TOALLAS HIGIENICOS PAPEL INDUST;PAPEL HIG ECO BCO  INTERMEDIO x 300 MTS;635;1400;120,47;10400;104,72;2020;2176;30/01/2024
TOALLAS HIGIENICOS PAPEL INDUST;PAPEL HIG FAMILIAR BCO X30MTSX30UNID;11135;24000;115,54;23000;106,56;2021;4;30/01/2024
TOALLAS HIGIENICOS PAPEL INDUST;PAPEL HIG FAMILIAR X 4 UNID X 30MTS;85;136;60;550;61,76;2022;0;09/11/2023
TOALLAS HIGIENICOS PAPEL INDUST;PAPEL HIG X 300 MTS PREMIUN. KING PACK Tissue;1288;2800;117,39;20800;101,86;2023;1177;30/01/2024
TOALLAS HIGIENICOS PAPEL INDUST;PAPEL HIG. INTERMEDIO X 60 MTS X 30UNID.;4429;8500;91,92;48000;80,63;2024;0;09/11/2023
TOALLAS HIGIENICOS PAPEL INDUST;PAPEL HIG. INTERMEDIO X 80 MTS X 30UNID-;2790;4700;68,46;4325;55;2025;0;09/11/2023
TOALLAS HIGIENICOS PAPEL INDUST;PAPEL HIG. X 500 MTS BCO PREMIUN;3535;7800;120,65;29200;106,51;2026;67;30/01/2024
TOALLAS HIGIENICOS PAPEL INDUST;PAPEL HIGIENICO TUB ANCHO PREMIUN X 300MTS;654;1439;120;10464;100;2027;28;15/01/2024
FILM ALUMINIO FOLEX;PAPEL MANTECA FAMILIAR;1231;2800;127,46;2500;103,09;1152;332;01/02/2024
FILM ALUMINIO FOLEX;PAPEL MANTECA X 1 KG;9930;22000;121,55;20500;106,45;1153;10;01/02/2024
PAPELES;PAPEL PARAFINADO C/MOTIVOS P/HAMBURGUESA X 1KG;11389;22000;93,17;20000;75,61;1164;0;02/02/2024
SERVILLETAS;PAQ SERVILLETA 33X33 X 50 UN;100;500;400;400;300;1197;8;18/01/2024
SERVILLETAS;PAQ SERVILLETAS 18X17 X 50 UNID;100;500;400;400;300;1198;15;19/01/2024
TOALLAS HIGIENICOS PAPEL INDUST;PAQUETE TOALLA INTER X 250 UNID.;0;1000;;950;;2028;0;20/11/2023
SORBETES;PARAGUA - FRUTA;0;0;60;55;55;2006;0;09/11/2023
PLATOS POTES CUBIERTOS;PINCHES ESPADITASX1000UNID;2900;5600;93,1;5300;82,76;1179;3;20/11/2023
PAPELES;PIROTINES Nß10;250;400;60;3875;55;1165;0;20/11/2023
PAPELES;PIROTINES Nß2;145;232;60;2247,5;55;1166;0;20/11/2023
PAPELES;PIROTINES Nß5;148;236,8;60;2294;55;1167;0;20/11/2023
PAPELES;PIROTINES Nß7;215;344;60;3332,5;55;1168;0;20/11/2023
BANDEJAS CARTÖN;36982;200;450;125;4000;100;1045;2;15/01/2024
BANDEJAS CARTÖN;37012;270;600;122,22;5000;85,19;1046;5;01/12/2023
BANDEJAS CARTÖN;37043;316;700;121,52;600;89,87;205;5;15/01/2024
PLATOS POTES CUBIERTOS;PLATOS X 17 CM x 50 UNID.;2000;4500;125;3900;95;1020;20;02/02/2024
VASOS;PLATOS X 22 CM x 50 Unid.;3000;6600;120;5900;96,67;2033;54;02/02/2024
BANDEJAS CARTÖN;PORTA PANCHOS x 100UNID.;466;1100;136,05;100000;114,59;1047;158;02/02/2024
PLATOS POTES CUBIERTOS;POTE ADEREZO;240;600;150;528;120;1021;0;09/11/2023
PLATOS POTES CUBIERTOS;POTES 1/2 BISAGRA;75;160;113,33;15000;100;1180;880;17/01/2024
PLATOS POTES CUBIERTOS;POTES 1/4 BISAGRA;66;150;127,27;14000;112,12;1181;343;17/01/2024
PLATOS POTES CUBIERTOS;POTES 3/8 BISAGRA;62;140;125,81;13000;109,68;1182;0;14/12/2023
PLATOS POTES CUBIERTOS;POTES PLAST. X 1/2 C/TAPA NAT.;105;300;185,71;20000;90,48;1185;3777;02/02/2024
PLATOS POTES CUBIERTOS;POTES PLAST. X 1/4 C/TAPA NAT.;75;200;166,67;15000;100;1186;6157;02/02/2024
PLATOS POTES CUBIERTOS;POTES PLAST. X 1/8 C/TAPA NAT.;68;200;194,12;15000;120,59;1187;3383;02/02/2024
PLATOS POTES CUBIERTOS;POTES PLASTICOS X 1KG C/TAPA NAT.;295;650;120,34;60000;103,39;1188;56;15/01/2024
BOLSAS PP VARIAS;18264;100;160;60;155;55;1108;1;09/11/2023
RESIDUOS CONSORCIOS;RESIDUOS 45X60X30;620;1500;141,94;1300;109,68;1195;8;15/01/2024
RESIDUOS CONSORCIOS;RESIDUOS 50X70 REF;380;900;136,84;8000;110,53;1196;5185;15/01/2024
TOALLAS HIGIENICOS PAPEL INDUST;ROLLO SERVILLETAS X 200 PA•OS;660;1500;127,27;10400;96,97;2029;0;01/02/2024
SERVILLETAS;SERV. 33X33 ELEGANTES;2918;5500;88,49;5300;81,63;1199;0;09/11/2023
SERVILLETAS;SERVI EXPRES 14X14;9000;18000;100;17900;98,89;2001;12;15/01/2024
SERVILLETAS;SERVILLETAS 18X17X2000;3784;8500;124,63;7600;100,85;2002;186;02/02/2024
SERVILLETAS;SERVILLETAS 30X30 BCAS;4238;9300;119,44;8500;100,57;2003;295;02/02/2024
SERVILLETAS;SERVILLETAS 33X27 X 800UNID. PREMIUN;6745;14200;110,53;12500;85,32;2004;174;15/01/2024
SORBETES;SORBETES  CON FUNDA X100U;375;825;120;4500;100;2007;-20;23/11/2023
SORBETES;SORBETES BCOS X 1000 C/ FUNDA;3485;7600;118,08;7200;106,6;2008;118;28/01/2024
SORBETES;SORBETES COLOR FLUOR X500UNID;2830;6300;122,61;6000;112,01;2009;28;28/01/2024
SORBETES;-511336,9626;2612;5800;122,05;5300;102,91;2010;157;28/01/2024
SORBETES;-657433,9626;250;550;120;500;100;2011;0;23/11/2023
TERGOPOL;TAPA VASOS TERMICOS X 120 C.C;43;90;109,3;8000;86,05;2034;705;27/12/2023
TERGOPOL;TAPA VASOS TERMICOS X 180 C.C;24;60;150;5000;108,33;2035;370;15/01/2024
BANDEJAS C/TAPAS MICRO;TAPAS 107 PP COTNYL;142;310;118,31;28500;100,7;1027;0;15/01/2024
BANDEJAS C/TAPAS MICRO;TAPAS BANDEJAS 102 PP COTNYL;48;105;118,75;9500;97,92;1028;0;15/01/2024
BANDEJAS C/TAPAS MICRO;TAPAS BANDEJAS 103 PP COTNYL;62;145;133,87;13000;109,68;72;-150;04/12/2023
BANDEJAS C/TAPAS MICRO;TAPAS BANDEJAS 105 PP COTNYL;107;220;105,61;21000;96,26;1022;3;04/12/2023
TERGOPOL;TAPAS VASOS TERMICOS X 240 C.C;26;60;130,77;5000;92,31;2036;660;17/01/2024
TERGOPOL;TAPAS VASOS TERMICOS X 300C.C;45;100;122,22;9000;100;2037;120;15/01/2024
PLATOS POTES CUBIERTOS;TENEDORES BCO REF;17;40;135,29;1750;105,88;1189;7089;15/01/2024
PAPELES;TENEDORES X 50 UNID. REF;1050;2000,04;90,48;1800,02;71,43;2063;6;18/01/2024
PAPELES;TOALLA BOB. KING PACK X300MTS PREMIUN;4708;10300;118,78;19000;101,78;1169;54;30/01/2024
TOALLAS HIGIENICOS PAPEL INDUST;TOALLA BOBINAS X 200 MTS Bca.;2000;4400;120;16800;110;2030;0;30/01/2024
TOALLAS HIGIENICOS PAPEL INDUST;TOALLA INTERCALADA X 1800BCA PREMIUN;7865;17000;116,15;16000;103,43;2031;0;30/01/2024
BANDEJAS DPM;TORTERA PET T26 ALTA BASE -TAPA;515;1000;94,17;9000;74,76;1120;0;13/12/2023
BANDEJAS DPM;TORTERA PET T26 BAJA BASE -TAPA;701;1500;113,98;70000;99,71;1121;0;13/12/2023
BANDEJAS DPM;TORTERA PET T28 BAJA BASE -TAPA;1520;3200;110,53;30000;97,37;1122;0;13/12/2023
BANDEJAS DPM;TORTERA PET T32 ALTA BASE -TAPA;1150;2300;100;22000;91,3;1123;0;13/12/2023
BANDEJAS DPM;TORTERA PET T32 BAJA BASE -TAPA;936;1900;102,99;17000;81,62;1124;0;13/12/2023
GUANTES;TRAPO DE PISO;170;272;60;2635;55;1158;0;09/11/2023
BANDEJAS CARTÖN;TRIPODES X 1KG;600;1320;120;1200;100;1048;4;03/01/2024
VASOS;VASO TRAGO LARGO COLOR;120;300;150;12500;108,33;2038;374;02/02/2024
VASOS;VASOS DEGUSTACION ACRILICO;60;125;108,33;675;87,5;2039;0;09/11/2023
VASOS;VASOS MILANO 370 C.C C/TAPA;125;250;100;24000;92;2040;115;15/01/2024
VASOS;VASOS OCTOGONAL 200C.C;40;70;75;1240;55;2041;0;20/11/2023
VASOS;VASOS PLASTICOS x 1 LTS;125;300;140;25000;100;2042;1200;19/01/2024
VASOS;VASOS PLASTICOS x 110c.c;40;90;125;8000;100;2043;1686;17/01/2024
VASOS;VASOS PLASTICOS X 180 c.c;35;80;127,27;7000;100;2044;2750;17/01/2024
VASOS;VASOS PLASTICOS x 220c.c;23;50;117,39;4000;73,91;2045;12400;17/01/2024
VASOS;VASOS PLASTICOS x 330c.c;32;70;118,75;6000;87,5;2046;2438;17/01/2024
VASOS;VASOS PLASTICOS x 500c.c;69;150;117,39;12000;73,91;2047;28430;17/01/2024
VASOS;VASOS PLASTICOS X 70 c.c;41;90;119,51;8000;95,12;2048;-10;15/01/2024
VASOS;VASOS PLASTICOS x 800c.c;82;200;143,9;15000;82,93;2049;35125;02/02/2024
TERGOPOL;VASOS TERMICOS X 120 C.C;43;100;132,56;9000;109,3;2050;3325;27/12/2023
TERGOPOL;VASOS TERMICOS X 180 C.C;52;110;111,54;10000;92,31;2051;3650;15/01/2024
TERGOPOL;VASOS TERMICOS X 240 C.C;59;130;120,93;12000;103,39;2052;5425;15/01/2024
TERGOPOL;VASOS TERMICOS X 300 C.C;78;170;117,95;16000;105,13;2053;4375;27/12/2023
VASOS;VASOS TRAGO LARGO LUNARES;60;100;66,67;9300;55;2054;0;15/01/2024
VASOS;VASOS X 800 C.C DUROS COLOR;322;750;132,92;70000;117,39;2055;204;27/12/2023
CINTAS DE EMBALAR;VELAS CUMPLEA•OS X24;120;300;150;1584;120;1024;0;20/11/2023
CINTAS DE EMBALAR;VELAS X12;200;440;120;2400;100;1025;0;20/11/2023
